[
  {
    "id": "actiris-central",
    "type": "actiris",
    "name": "Actiris Bruxelles Centre",
    "address": "Boulevard d’Anvers 26, 1000 Bruxelles",
    "phone": "+32 2 505 79 11",
    "website": "https://www.actiris.brussels",
    "languages": ["fr", "nl", "en"],
    "city": "Bruxelles",
    "postalCode": "1000",
    "email": null
  },
  {
    "id": "actiris-anderlecht",
    "type": "actiris",
    "name": "Actiris Anderlecht",
    "address": "Rue de Birmingham 225, 1070 Anderlecht",
    "phone": "+32 2 529 21 11",
    "website": "https://www.actiris.brussels",
    "languages": ["fr", "nl"],
    "city": "Bruxelles",
    "postalCode": "1070",
    "email": null
  },
  {
    "id": "actiris-etterbeek",
    "type": "actiris",
    "name": "Actiris Etterbeek",
    "address": "Boulevard Louis Schmidt 29, 1040 Etterbeek",
    "phone": "+32 2 505 19 11",
    "website": "https://www.actiris.brussels",
    "languages": ["fr", "nl"],
    "city": "Bruxelles",
    "postalCode": "1040",
    "email": null
  },
  {
    "id": "actiris-forest",
    "type": "actiris",
    "name": "Actiris Forest",
    "address": "Rue de la Station 17, 1190 Forest",
    "phone": "+32 2 340 10 11",
    "website": "https://www.actiris.brussels",
    "languages": ["fr", "nl"],
    "city": "Bruxelles",
    "postalCode": "1190",
    "email": null
  },
  {
    "id": "actiris-ganshoren",
    "type": "actiris",
    "name": "Actiris Ganshoren",
    "address": "Place Reine Paola 11, 1083 Ganshoren",
    "phone": "+32 2 560 13 11",
    "website": "https://www.actiris.brussels",
    "languages": ["fr", "nl"],
    "city": "Bruxelles",
    "postalCode": "1083",
    "email": null
  },
  {
    "id": "actiris-ixelles",
    "type": "actiris",
    "name": "Actiris Ixelles",
    "address": "Rue du Collège 30, 1050 Ixelles",
    "phone": "+32 2 512 23 11",
    "website": "https://www.actiris.brussels",
    "languages": ["fr", "nl"],
    "city": "Bruxelles",
    "postalCode": "1050",
    "email": null
  },
  {
    "id": "actiris-jette",
    "type": "actiris",
    "name": "Actiris Jette",
    "address": "Rue Léon Theodor 108, 1090 Jette",
    "phone": "+32 2 428 09 11",
    "website": "https://www.actiris.brussels",
    "languages": ["fr", "nl"],
    "city": "Bruxelles",
    "postalCode": "1090",
    "email": null
  },
  {
    "id": "actiris-molenbeek",
    "type": "actiris",
    "name": "Actiris Molenbeek",
    "address": "Rue Vandenboogaerde 91, 1080 Molenbeek-Saint-Jean",
    "phone": "+32 2 563 06 11",
    "website": "https://www.actiris.brussels",
    "languages": ["fr", "nl"],
    "city": "Bruxelles",
    "postalCode": "1080",
    "email": null
  },
  {
    "id": "actiris-saint-gilles",
    "type": "actiris",
    "name": "Actiris Saint-Gilles",
    "address": "Rue de la Source 15, 1060 Saint-Gilles",
    "phone": "+32 2 537 21 11",
    "website": "https://www.actiris.brussels",
    "languages": ["fr", "nl"],
    "city": "Bruxelles",
    "postalCode": "1060",
    "email": null
  },
  {
    "id": "actiris-saint-josse",
    "type": "actiris",
    "name": "Actiris Saint-Josse-ten-Noode",
    "address": "Avenue de l'Astronomie 30, 1210 Saint-Josse-ten-Noode",
    "phone": "+32 2 220 34 11",
    "website": "https://www.actiris.brussels",
    "languages": ["fr", "nl"],
    "city": "Bruxelles",
    "postalCode": "1210",
    "email": null
  },
  {
    "id": "actiris-schaerbeek",
    "type": "actiris",
    "name": "Actiris Schaerbeek",
    "address": "Rue de Jérusalem 46, 1030 Schaerbeek",
    "phone": "+32 2 240 13 11",
    "website": "https://www.actiris.brussels",
    "languages": ["fr", "nl"],
    "city": "Bruxelles",
    "postalCode": "1030",
    "email": null
  },
  {
    "id": "actiris-uckle",
    "type": "actiris",
    "name": "Actiris Uccle",
    "address": "Chaussée d'Alsemberg 1011, 1180 Uccle",
    "phone": "+32 2 376 39 11",
    "website": "https://www.actiris.brussels",
    "languages": ["fr", "nl"],
    "city": "Bruxelles",
    "postalCode": "1180",
    "email": null
  },
  {
    "id": "actiris-woluwe-saint-lambert",
    "type": "actiris",
    "name": "Actiris Woluwe-Saint-Lambert",
    "address": "Avenue de Broqueville 12, 1150 Woluwe-Saint-Pierre",
    "phone": "+32 2 777 78 11",
    "website": "https://www.actiris.brussels",
    "languages": ["fr", "nl"],
    "city": "Bruxelles",
    "postalCode": "1150",
    "email": null
  },
  {
    "id": "actiris-woluwe-saint-pierre",
    "type": "actiris",
    "name": "Actiris Woluwe-Saint-Pierre",
    "address": "Avenue de Broqueville 12, 1150 Woluwe-Saint-Pierre",
    "phone": "+32 2 773 23 11",
    "website": "https://www.actiris.brussels",
    "languages": ["fr", "nl"],
    "city": "Bruxelles",
    "postalCode": "1150",
    "email": null
  }
]
