[
  {
    "id": "cpas-bruxelles-ville",
    "kind": "center",
    "name": "CPAS de la Ville de Bruxelles",
    "city": "Bruxelles",
    "commune": "Bruxelles-Ville",
    "address": "Rue Haute 298A, 1000 Bruxelles",
    "phone": "+32 2 563 58 11",
    "email": "info@cpasbxl.brussels",
    "website": "https://cpas.bruxelles.be",
    "languages": ["fr", "en", "uk"],
    "description": {
      "fr": "CPAS de la Ville de Bruxelles fournit une aide sociale et financière dans la commune de Bruxelles-Ville.",
      "en": "CPAS de la Ville de Bruxelles provides social and financial support in the commune of Bruxelles-Ville.",
      "uk": "CPAS de la Ville de Bruxelles надає соціальну та фінансову допомогу в комуні Bruxelles-Ville."
    },
    "postalCode": "1000"
  },
  {
    "id": "cpas-schaerbeek",
    "kind": "center",
    "name": "CPAS de Schaerbeek",
    "city": "Bruxelles",
    "commune": "Schaerbeek",
    "address": "Rue de la Poste 211, 1030 Schaerbeek",
    "phone": "+32 2 435 51 11",
    "email": "info@cpas-schaerbeek.be",
    "website": "https://www.cpas-schaerbeek.brussels",
    "languages": ["fr", "en", "uk"],
    "description": {
      "fr": "CPAS de Schaerbeek fournit une aide sociale et financière dans la commune de Schaerbeek.",
      "en": "CPAS de Schaerbeek provides social and financial support in the commune of Schaerbeek.",
      "uk": "CPAS de Schaerbeek надає соціальну та фінансову допомогу в комуні Schaerbeek."
    },
    "postalCode": "1030"
  },
  {
    "id": "cpas-etterbeek",
    "kind": "center",
    "name": "CPAS d'Etterbeek",
    "city": "Bruxelles",
    "commune": "Etterbeek",
    "address": "Avenue des Casernes 31, 1040 Etterbeek",
    "phone": "+32 2 628 13 50",
    "email": "info@cpas-etterbeek.be",
    "website": "https://www.etterbeek.brussels/cpas",
    "languages": ["fr", "en", "uk"],
    "description": {
      "fr": "CPAS d'Etterbeek fournit une aide sociale et financière dans la commune de Etterbeek.",
      "en": "CPAS d'Etterbeek provides social and financial support in the commune of Etterbeek.",
      "uk": "CPAS d'Etterbeek надає соціальну та фінансову допомогу в комуні Etterbeek."
    },
    "postalCode": "1040"
  },
  {
    "id": "cpas-ixelles",
    "kind": "center",
    "name": "CPAS d'Ixelles",
    "city": "Bruxelles",
    "commune": "Ixelles",
    "address": "Rue du Trône 60, 1050 Ixelles",
    "phone": "+32 2 641 54 00",
    "email": "info@cpas-ixelles.be",
    "website": "https://cpas.ixelles.be",
    "languages": ["fr", "en", "uk"],
    "description": {
      "fr": "CPAS d'Ixelles fournit une aide sociale et financière dans la commune de Ixelles.",
      "en": "CPAS d'Ixelles provides social and financial support in the commune of Ixelles.",
      "uk": "CPAS d'Ixelles надає соціальну та фінансову допомогу в комуні Ixelles."
    },
    "postalCode": "1050"
  },
  {
    "id": "cpas-saint-gilles",
    "kind": "center",
    "name": "CPAS de Saint-Gilles",
    "city": "Bruxelles",
    "commune": "Saint-Gilles",
    "address": "Rue Fernand Bernier 40, 1060 Saint-Gilles",
    "phone": "+32 2 600 53 00",
    "email": "contact@cpas1060.brussels",
    "website": "https://www.cpas1060.brussels",
    "languages": ["fr", "en", "uk"],
    "description": {
      "fr": "CPAS de Saint-Gilles fournit une aide sociale et financière dans la commune de Saint-Gilles.",
      "en": "CPAS de Saint-Gilles provides social and financial support in the commune of Saint-Gilles.",
      "uk": "CPAS de Saint-Gilles надає соціальну та фінансову допомогу в комуні Saint-Gilles."
    },
    "postalCode": "1060"
  },
  {
    "id": "cpas-anderlecht",
    "kind": "center",
    "name": "CPAS d'Anderlecht",
    "city": "Bruxelles",
    "commune": "Anderlecht",
    "address": "Rue Van Lint 16, 1070 Anderlecht",
    "phone": "+32 2 559 27 00",
    "email": "info@cpas-anderlecht.be",
    "website": "https://www.cpas-anderlecht.be",
    "languages": ["fr", "en", "uk"],
    "description": {
      "fr": "CPAS d'Anderlecht fournit une aide sociale et financière dans la commune de Anderlecht.",
      "en": "CPAS d'Anderlecht provides social and financial support in the commune of Anderlecht.",
      "uk": "CPAS d'Anderlecht надає соціальну та фінансову допомогу в комуні Anderlecht."
    },
    "postalCode": "1070"
  },
  {
    "id": "cpas-forest",
    "kind": "center",
    "name": "CPAS de Forest",
    "city": "Bruxelles",
    "commune": "Forest",
    "address": "Rue du Curé 2, 1190 Forest",
    "phone": "+32 2 348 17 00",
    "email": "info@cpas-forest.be",
    "website": "https://www.forest.brussels/cpas",
    "languages": ["fr", "en", "uk"],
    "description": {
      "fr": "CPAS de Forest fournit une aide sociale et financière dans la commune de Forest.",
      "en": "CPAS de Forest provides social and financial support in the commune of Forest.",
      "uk": "CPAS de Forest надає соціальну та фінансову допомогу в комуні Forest."
    },
    "postalCode": "1190"
  },
  {
    "id": "cpas-saint-josse-ten-noode",
    "kind": "center",
    "name": "CPAS de Saint-Josse-ten-Noode",
    "city": "Bruxelles",
    "commune": "Saint-Josse-ten-Noode",
    "address": "Rue de la Poste 111, 1210 Saint-Josse-ten-Noode",
    "phone": "+32 2 220 27 40",
    "email": "info@sjtn-cpas.be",
    "website": "https://www.sjtn.brussels/cpas",
    "languages": ["fr", "en", "uk"],
    "description": {
      "fr": "CPAS de Saint-Josse-ten-Noode fournit une aide sociale et financière dans la commune de Saint-Josse-ten-Noode.",
      "en": "CPAS de Saint-Josse-ten-Noode provides social and financial support in the commune of Saint-Josse-ten-Noode.",
      "uk": "CPAS de Saint-Josse-ten-Noode надає соціальну та фінансову допомогу в комуні Saint-Josse-ten-Noode."
    },
    "postalCode": "1210"
  },
  {
    "id": "cpas-uccle",
    "kind": "center",
    "name": "CPAS d'Uccle",
    "city": "Bruxelles",
    "commune": "Uccle",
    "address": "Rue Rouge 47, 1180 Uccle",
    "phone": "+32 2 370 75 11",
    "email": "contact@cpas-uccle.be",
    "website": "https://www.uccle.be/cpas",
    "languages": ["fr", "en", "uk"],
    "description": {
      "fr": "CPAS d'Uccle fournit une aide sociale et financière dans la commune de Uccle.",
      "en": "CPAS d'Uccle provides social and financial support in the commune of Uccle.",
      "uk": "CPAS d'Uccle надає соціальну та фінансову допомогу в комуні Uccle."
    },
    "postalCode": "1180"
  },
  {
    "id": "cpas-woluwe-saint-lambert",
    "kind": "center",
    "name": "CPAS de Woluwe-Saint-Lambert",
    "city": "Bruxelles",
    "commune": "Woluwe-Saint-Lambert",
    "address": "Rue de la Charrette 27, 1200 Woluwe-Saint-Lambert",
    "phone": "+32 2 761 12 11",
    "email": "info@cpas-wsl.be",
    "website": "https://www.woluwe1200.be/cpas",
    "languages": ["fr", "en", "uk"],
    "description": {
      "fr": "CPAS de Woluwe-Saint-Lambert fournit une aide sociale et financière dans la commune de Woluwe-Saint-Lambert.",
      "en": "CPAS de Woluwe-Saint-Lambert provides social and financial support in the commune of Woluwe-Saint-Lambert.",
      "uk": "CPAS de Woluwe-Saint-Lambert надає соціальну та фінансову допомогу в комуні Woluwe-Saint-Lambert."
    },
    "postalCode": "1200"
  },
  {
    "id": "cpas-woluwe-saint-pierre",
    "kind": "center",
    "name": "CPAS de Woluwe-Saint-Pierre",
    "city": "Bruxelles",
    "commune": "Woluwe-Saint-Pierre",
    "address": "Rue au Bois 11, 1150 Woluwe-Saint-Pierre",
    "phone": "+32 2 773 42 11",
    "email": "contact@cpas-wsp.be",
    "website": "https://www.woluwe1150.be/cpas",
    "languages": ["fr", "en", "uk"],
    "description": {
      "fr": "CPAS de Woluwe-Saint-Pierre fournit une aide sociale et financière dans la commune de Woluwe-Saint-Pierre.",
      "en": "CPAS de Woluwe-Saint-Pierre provides social and financial support in the commune of Woluwe-Saint-Pierre.",
      "uk": "CPAS de Woluwe-Saint-Pierre надає соціальну та фінансову допомогу в комуні Woluwe-Saint-Pierre."
    },
    "postalCode": "1150"
  },
  {
    "id": "cpas-evere",
    "kind": "center",
    "name": "CPAS d'Evere",
    "city": "Bruxelles",
    "commune": "Evere",
    "address": "Rue Stuckens 32, 1140 Evere",
    "phone": "+32 2 247 70 10",
    "email": "info@cpas-evere.be",
    "website": "https://www.evere.be/cpas",
    "languages": ["fr", "en", "uk"],
    "description": {
      "fr": "CPAS d'Evere fournit une aide sociale et financière dans la commune de Evere.",
      "en": "CPAS d'Evere provides social and financial support in the commune of Evere.",
      "uk": "CPAS d'Evere надає соціальну та фінансову допомогу в комуні Evere."
    },
    "postalCode": "1140"
  },
  {
    "id": "cpas-ganshoren",
    "kind": "center",
    "name": "CPAS de Ganshoren",
    "city": "Bruxelles",
    "commune": "Ganshoren",
    "address": "Rue Vanderveken 91, 1083 Ganshoren",
    "phone": "+32 2 422 07 11",
    "email": "info@cpas-ganshoren.be",
    "website": "https://www.ganshoren.be/cpas",
    "languages": ["fr", "en", "uk"],
    "description": {
      "fr": "CPAS de Ganshoren fournit une aide sociale et financière dans la commune de Ganshoren.",
      "en": "CPAS de Ganshoren provides social and financial support in the commune of Ganshoren.",
      "uk": "CPAS de Ganshoren надає соціальну та фінансову допомогу в комуні Ganshoren."
    },
    "postalCode": "1083"
  },
  {
    "id": "cpas-jette",
    "kind": "center",
    "name": "CPAS de Jette",
    "city": "Bruxelles",
    "commune": "Jette",
    "address": "Boulevard de Smet de Naeyer 578, 1090 Jette",
    "phone": "+32 2 422 31 11",
    "email": "cpas@jette.brussels",
    "website": "https://www.jette.brussels/cpas",
    "languages": ["fr", "en", "uk"],
    "description": {
      "fr": "CPAS de Jette fournit une aide sociale et financière dans la commune de Jette.",
      "en": "CPAS de Jette provides social and financial support in the commune of Jette.",
      "uk": "CPAS de Jette надає соціальну та фінансову допомогу в комуні Jette."
    },
    "postalCode": "1090"
  },
  {
    "id": "cpas-koekelberg",
    "kind": "center",
    "name": "CPAS de Koekelberg",
    "city": "Bruxelles",
    "commune": "Koekelberg",
    "address": "Avenue de l'Hôpital Français 24, 1081 Koekelberg",
    "phone": "+32 2 412 14 10",
    "email": "info@cpas-koekelberg.be",
    "website": "https://www.koekelberg.brussels/cpas",
    "languages": ["fr", "en", "uk"],
    "description": {
      "fr": "CPAS de Koekelberg fournit une aide sociale et financière dans la commune de Koekelberg.",
      "en": "CPAS de Koekelberg provides social and financial support in the commune of Koekelberg.",
      "uk": "CPAS de Koekelberg надає соціальну та фінансову допомогу в комуні Koekelberg."
    },
    "postalCode": "1081"
  },
  {
    "id": "cpas-berchem-sainte-agathe",
    "kind": "center",
    "name": "CPAS de Berchem-Sainte-Agathe",
    "city": "Bruxelles",
    "commune": "Berchem-Sainte-Agathe",
    "address": "Avenue du Roi Albert 33, 1082 Berchem-Sainte-Agathe",
    "phone": "+32 2 482 13 11",
    "email": "contact@cpas-berchem.be",
    "website": "https://www.berchem.brussels/cpas",
    "languages": ["fr", "en", "uk"],
    "description": {
      "fr": "CPAS de Berchem-Sainte-Agathe fournit une aide sociale et financière dans la commune de Berchem-Sainte-Agathe.",
      "en": "CPAS de Berchem-Sainte-Agathe provides social and financial support in the commune of Berchem-Sainte-Agathe.",
      "uk": "CPAS de Berchem-Sainte-Agathe надає соціальну та фінансову допомогу в комуні Berchem-Sainte-Agathe."
    },
    "postalCode": "1082"
  },

  {
    "id": "cpas-anneessens",
    "kind": "antenna",
    "parentId": "cpas-bruxelles-ville",
    "name": "CPAS de la Ville de Bruxelles — Antenne Anneessens",
    "city": "Bruxelles",
    "commune": "Bruxelles-Ville (Anneessens)",
    "address": "Rue du Dam 14, 1000 Bruxelles",
    "phone": "+32 2 563 25 12",
    "email": "AntenneAnneessens@cpasbxl.brussels",
    "website": "https://cpasbxl.brussels",
    "languages": ["fr", "en", "uk"],
    "description": {
      "fr": "Antenne sociale du CPAS de la Ville de Bruxelles (quartier Anneessens).",
      "en": "Social antenna of the City of Brussels CPAS (Anneessens district).",
      "uk": "Соціальна антена CPAS міста Брюссель (район Anneessens)."
    },
    "postalCode": "1000"
  },
  {
    "id": "cpas-artois",
    "kind": "antenna",
    "parentId": "cpas-bruxelles-ville",
    "name": "CPAS de la Ville de Bruxelles — Antenne Artois",
    "city": "Bruxelles",
    "commune": "Bruxelles-Ville",
    "address": "Rue d'Artois 4, 1000 Bruxelles",
    "phone": "+32 2 563 91 01",
    "email": "AntenneArtois@cpasbxl.brussels",
    "website": "https://cpasbxl.brussels",
    "languages": ["fr", "en", "uk"],
    "description": {
      "fr": "Antenne sociale du CPAS (quartier Artois, centre-ville).",
      "en": "Social antenna of the CPAS (Artois, city centre).",
      "uk": "Соціальна антена CPAS (квартал Artois, центр міста)."
    },
    "postalCode": "1000"
  },
  {
    "id": "cpas-beguinage",
    "kind": "antenna",
    "parentId": "cpas-bruxelles-ville",
    "name": "CPAS de la Ville de Bruxelles — Antenne Béguinage",
    "city": "Bruxelles",
    "commune": "Bruxelles-Ville",
    "address": "Rue du Béguinage 5, 1000 Bruxelles",
    "phone": "+32 2 563 19 01",
    "email": "AntenneBeguinage@cpasbxl.brussels",
    "website": "https://cpasbxl.brussels",
    "languages": ["fr", "en", "uk"],
    "description": {
      "fr": "Antenne sociale du CPAS (quartier Béguinage).",
      "en": "Social antenna of the CPAS (Béguinage district).",
      "uk": "Соціальна антена CPAS (район Béguinage)."
    },
    "postalCode": "1000"
  },
  {
    "id": "cpas-bollen",
    "kind": "antenna",
    "parentId": "cpas-bruxelles-ville",
    "name": "CPAS de la Ville de Bruxelles — Antenne Bollen (Laeken)",
    "city": "Bruxelles",
    "commune": "Bruxelles-Ville (Laeken)",
    "address": "Rue Jan Bollen 33b, 1020 Bruxelles",
    "phone": "+32 2 563 92 01",
    "email": "AntenneBollen@cpasbxl.brussels",
    "website": "https://cpasbxl.brussels",
    "languages": ["fr", "en", "uk"],
    "description": {
      "fr": "Antenne sociale du CPAS à Laeken (Bollen).",
      "en": "CPAS social antenna in Laeken (Bollen).",
      "uk": "Соціальна антена CPAS у Лакені (Bollen)."
    },
    "postalCode": "1020"
  },
  {
    "id": "cpas-haren",
    "kind": "antenna",
    "parentId": "cpas-bruxelles-ville",
    "name": "CPAS de la Ville de Bruxelles — Antenne Haren",
    "city": "Bruxelles",
    "commune": "Bruxelles-Ville (Haren)",
    "address": "Rue de Cortenbach 8, 1130 Bruxelles (Haren)",
    "phone": "+32 490 68 61 12",
    "email": "AntenneHaren@cpasbxl.brussels",
    "website": "https://cpasbxl.brussels",
    "languages": ["fr", "en", "uk"],
    "description": {
      "fr": "Antenne sociale du CPAS à Haren.",
      "en": "CPAS social antenna in Haren.",
      "uk": "Соціальна антена CPAS у Харені."
    },
    "postalCode": "1130"
  },
  {
    "id": "cpas-marolles",
    "kind": "antenna",
    "parentId": "cpas-bruxelles-ville",
    "name": "CPAS de la Ville de Bruxelles — Antenne Marolles",
    "city": "Bruxelles",
    "commune": "Bruxelles-Ville (Marolles)",
    "address": "Rue Notre Dame de Grâces 1, 1000 Bruxelles",
    "phone": "+32 2 563 00 61",
    "email": "AntenneMarolles@cpasbxl.brussels",
    "website": "https://cpasbxl.brussels",
    "languages": ["fr", "en", "uk"],
    "description": {
      "fr": "Antenne sociale du CPAS (quartier des Marolles).",
      "en": "CPAS social antenna in the Marolles district.",
      "uk": "Соціальна антена CPAS (район Marolles)."
    },
    "postalCode": "1000"
  },
  {
    "id": "cpas-miroir",
    "kind": "antenna",
    "parentId": "cpas-bruxelles-ville",
    "name": "CPAS de la Ville de Bruxelles — Antenne Miroir",
    "city": "Bruxelles",
    "commune": "Bruxelles-Ville",
    "address": "Rue du Miroir 7, 1000 Bruxelles",
    "phone": "+32 2 563 91 41",
    "email": "AntenneMiroir@cpasbxl.brussels",
    "website": "https://cpasbxl.brussels",
    "languages": ["fr", "en", "uk"],
    "description": {
      "fr": "Antenne sociale du CPAS (quartier Miroir).",
      "en": "Social antenna of the CPAS (Miroir district).",
      "uk": "Соціальна антена CPAS (район Miroir)."
    },
    "postalCode": "1000"
  },
  {
    "id": "cpas-moorslede",
    "kind": "antenna",
    "parentId": "cpas-bruxelles-ville",
    "name": "CPAS de la Ville de Bruxelles — Antenne Moorslede (Laeken)",
    "city": "Bruxelles",
    "commune": "Bruxelles-Ville (Laeken)",
    "address": "Rue de Moorslede 56-58, 1020 Bruxelles",
    "phone": "+32 2 563 27 30",
    "email": "AntenneMoorslede@cpasbxl.brussels",
    "website": "https://cpasbxl.brussels",
    "languages": ["fr", "en", "uk"],
    "description": {
      "fr": "Antenne sociale du CPAS à Laeken (Moorslede).",
      "en": "CPAS social antenna in Laeken (Moorslede).",
      "uk": "Соціальна антена CPAS у Лакені (Moorslede)."
    },
    "postalCode": "1020"
  },
  {
    "id": "cpas-noh",
    "kind": "antenna",
    "parentId": "cpas-bruxelles-ville",
    "name": "CPAS de la Ville de Bruxelles — Antenne Neder-Over-Heembeek",
    "city": "Bruxelles",
    "commune": "Bruxelles-Ville (Neder-Over-Heembeek)",
    "address": "Rue du Wimpelberg 2, 1120 Bruxelles",
    "phone": "+32 2 563 92 40",
    "email": "AntenneNOH@cpasbxl.brussels",
    "website": "https://cpasbxl.brussels",
    "languages": ["fr", "en", "uk"],
    "description": {
      "fr": "Antenne sociale du CPAS à Neder-Over-Heembeek.",
      "en": "CPAS social antenna in Neder-Over-Heembeek.",
      "uk": "Соціальна антена CPAS у Neder-Over-Heembeek."
    },
    "postalCode": "1120"
  },
  {
    "id": "cpas-nord-est",
    "kind": "antenna",
    "parentId": "cpas-bruxelles-ville",
    "name": "CPAS de la Ville de Bruxelles — Antenne Nord-Est",
    "city": "Bruxelles",
    "commune": "Bruxelles-Ville",
    "address": "Rue Van Campenhout 16, 1000 Bruxelles",
    "phone": "+32 2 563 90 30",
    "email": "AntenneNordest@cpasbxl.brussels",
    "website": "https://cpasbxl.brussels",
    "languages": ["fr", "en", "uk"],
    "description": {
      "fr": "Antenne sociale du CPAS (secteur Nord-Est).",
      "en": "CPAS social antenna (North-East sector).",
      "uk": "Соціальна антена CPAS (сектор Nord-Est)."
    },
    "postalCode": "1000"
  },
  {
    "id": "cpas-saint-roch",
    "kind": "antenna",
    "parentId": "cpas-bruxelles-ville",
    "name": "CPAS de la Ville de Bruxelles — Antenne Saint-Roch",
    "city": "Bruxelles",
    "commune": "Bruxelles-Ville",
    "address": "Chaussée d'Anvers 35, 1000 Bruxelles",
    "phone": "+32 2 563 90 02",
    "email": "AntenneSaintRoch@cpasbxl.brussels",
    "website": "https://cpasbxl.brussels",
    "languages": ["fr", "en", "uk"],
    "description": {
      "fr": "Antenne sociale du CPAS (Saint-Roch).",
      "en": "CPAS social antenna (Saint-Roch).",
      "uk": "Соціальна антена CPAS (Saint-Roch)."
    },
    "postalCode": "1000"
  },
  {
    "id": "cpas-stephanie",
    "kind": "antenna",
    "parentId": "cpas-bruxelles-ville",
    "name": "CPAS de la Ville de Bruxelles — Antenne Stéphanie (Laeken)",
    "city": "Bruxelles",
    "commune": "Bruxelles-Ville (Laeken)",
    "address": "Rue Stéphanie 27, 1020 Bruxelles",
    "phone": "+32 2 421 63 10",
    "email": "AntenneStephanie@cpasbxl.brussels",
    "website": "https://cpasbxl.brussels",
    "languages": ["fr", "en", "uk"],
    "description": {
      "fr": "Antenne sociale du CPAS à Laeken (Stéphanie).",
      "en": "CPAS social antenna in Laeken (Stéphanie).",
      "uk": "Соціальна антена CPAS у Лакені (Stéphanie)."
    },
    "postalCode": "1020"
  },

  {
    "id": "cpas-molenbeek-saint-jean",
    "kind": "center",
    "name": "CPAS de Molenbeek-Saint-Jean",
    "city": "Bruxelles",
    "commune": "Molenbeek-Saint-Jean",
    "address": "Rue de l'Intendant 86, 1080 Molenbeek-Saint-Jean",
    "phone": "+32 2 412 52 11",
    "email": "info@cpas1080.brussels",
    "website": "https://www.molenbeek.brussels/cpas",
    "languages": ["fr", "en", "uk"],
    "description": {
      "fr": "CPAS de Molenbeek-Saint-Jean fournit une aide sociale et financière dans la commune de Molenbeek-Saint-Jean.",
      "en": "CPAS de Molenbeek-Saint-Jean provides social and financial support in the commune of Molenbeek-Saint-Jean.",
      "uk": "CPAS de Molenbeek-Saint-Jean надає соціальну та фінансову допомогу в комуні Molenbeek-Saint-Jean."
    },
    "postalCode": "1080"
  },
  {
    "id": "cpas-auderghem",
    "kind": "center",
    "name": "CPAS d'Auderghem",
    "city": "Bruxelles",
    "commune": "Auderghem",
    "address": "Avenue du Paepedelle 87, 1160 Auderghem",
    "phone": "+32 2 679 94 10",
    "email": "accueil@cpas-auderghem.brussels",
    "website": "https://cpas1160.be",
    "languages": ["fr", "en", "uk"],
    "description": {
      "fr": "Le CPAS d'Auderghem fournit une aide sociale et financière dans la commune d'Auderghem.",
      "en": "CPAS d'Auderghem provides social and financial support in the commune of Auderghem.",
      "uk": "CPAS d'Auderghem надає соціальну та фінансову допомогу в комуні Auderghem."
    },
    "postalCode": "1160"
  },
  {
    "id": "cpas-watermael-boitsfort",
    "kind": "center",
    "name": "CPAS de Watermael-Boitsfort",
    "city": "Bruxelles",
    "commune": "Watermael-Boitsfort",
    "address": "Boulevard du Souverain 68, boîte 8, 1170 Watermael-Boitsfort",
    "phone": "+32 2 663 08 68",
    "email": "info@cpas1170.brussels",
    "website": "https://cpas1170.brussels",
    "languages": ["fr", "en", "uk"],
    "description": {
      "fr": "Le CPAS de Watermael-Boitsfort fournit une aide sociale et financière dans la commune de Watermael-Boitsfort.",
      "en": "CPAS de Watermael-Boitsfort provides social and financial support in the commune of Watermael-Boitsfort.",
      "uk": "CPAS de Watermael-Boitsfort надає соціальну та фінансову допомогу в комуні Watermael-Boitsfort."
    },
    "postalCode": "1170"
  }
]
