{
  "1000": [
    "cpas-bruxelles-ville",
    "cpas-anneessens",
    "cpas-artois",
    "cpas-beguinage",
    "cpas-marolles",
    "cpas-miroir",
    "cpas-nord-est",
    "cpas-saint-roch"
  ],
  "1020": [
    "cpas-bollen",
    "cpas-moorslede",
    "cpas-stephanie",
    "cpas-bruxelles-ville"
  ],
  "1120": ["cpas-noh"],
  "1130": ["cpas-haren"],

  "1030": ["cpas-schaerbeek"],
  "1040": ["cpas-etterbeek"],
  "1050": ["cpas-ixelles"],
  "1060": ["cpas-saint-gilles"],
  "1070": ["cpas-anderlecht"],
  "1080": ["cpas-molenbeek-saint-jean"],
  "1081": ["cpas-koekelberg"],
  "1082": ["cpas-berchem-sainte-agathe"],
  "1083": ["cpas-ganshoren"],
  "1090": ["cpas-jette"],
  "1140": ["cpas-evere"],
  "1150": ["cpas-woluwe-saint-pierre"],
  "1160": ["cpas-auderghem"],
  "1170": ["cpas-watermael-boitsfort"],
  "1180": ["cpas-uccle"],
  "1190": ["cpas-forest"],
  "1200": ["cpas-woluwe-saint-lambert"],
  "1210": ["cpas-saint-josse-ten-noode"]
}
